{"interfaceLanguages":{"swift":[{"children":[{"title":"Classes","type":"groupMarker"},{"children":[{"title":"Type Properties","type":"groupMarker"},{"path":"\/documentation\/mockreaderui\/mobilepaymentssdk\/shared","title":"static var shared: any SDKManager","type":"property"},{"title":"Type Methods","type":"groupMarker"},{"path":"\/documentation\/mockreaderui\/mobilepaymentssdk\/initialize(applicationlaunchoptions:squareapplicationid:)","title":"static func initialize(applicationLaunchOptions: [UIApplication.LaunchOptionsKey : Any]?, squareApplicationID: String)","type":"method"}],"path":"\/documentation\/mockreaderui\/mobilepaymentssdk","title":"MobilePaymentsSDK","type":"class"},{"children":[{"title":"Initializers","type":"groupMarker"},{"path":"\/documentation\/mockreaderui\/mockreaderui\/init(for:)","title":"init(for: SDKManager) throws","type":"init"},{"title":"Instance Properties","type":"groupMarker"},{"path":"\/documentation\/mockreaderui\/mockreaderui\/ispresented","title":"var isPresented: Bool","type":"property"},{"title":"Instance Methods","type":"groupMarker"},{"path":"\/documentation\/mockreaderui\/mockreaderui\/dismiss()","title":"func dismiss()","type":"method"},{"path":"\/documentation\/mockreaderui\/mockreaderui\/present()","title":"func present() throws","type":"method"}],"path":"\/documentation\/mockreaderui\/mockreaderui","title":"MockReaderUI","type":"class"},{"title":"Structures","type":"groupMarker"},{"path":"\/documentation\/mockreaderui\/accessibilityidentifiers","title":"AccessibilityIdentifiers","type":"struct"},{"title":"Variables","type":"groupMarker"},{"path":"\/documentation\/mockreaderui\/squaremobilepaymentssdkversionnumber","title":"var SquareMobilePaymentsSDKVersionNumber: Double","type":"var"},{"path":"\/documentation\/mockreaderui\/squaremobilepaymentssdkversionstring","title":"let SquareMobilePaymentsSDKVersionString: <<error type>>","type":"var"},{"title":"Enumerations","type":"groupMarker"},{"children":[{"title":"Enumeration Cases","type":"groupMarker"},{"path":"\/documentation\/mockreaderui\/mockreaderuierror\/invalidapplicationid","title":"case invalidApplicationId","type":"case"},{"path":"\/documentation\/mockreaderui\/mockreaderuierror\/noscene","title":"case noScene","type":"case"},{"path":"\/documentation\/mockreaderui\/mockreaderuierror\/notauthorized","title":"case notAuthorized","type":"case"},{"path":"\/documentation\/mockreaderui\/mockreaderuierror\/unexpected","title":"case unexpected","type":"case"},{"path":"\/documentation\/mockreaderui\/mockreaderuierror\/versionmismatch","title":"case versionMismatch","type":"case"},{"title":"Initializers","type":"groupMarker"},{"path":"\/documentation\/mockreaderui\/mockreaderuierror\/init(rawvalue:)","title":"init?(rawValue: Int)","type":"init"},{"title":"Instance Properties","type":"groupMarker"},{"path":"\/documentation\/mockreaderui\/mockreaderuierror\/debuginfo","title":"var debugInfo: (code: String, message: String)","type":"property"},{"path":"\/documentation\/mockreaderui\/mockreaderuierror\/errordescription","title":"var errorDescription: String?","type":"property"},{"title":"Default Implementations","type":"groupMarker"},{"children":[{"title":"Instance Properties","type":"groupMarker"},{"path":"\/documentation\/mockreaderui\/mockreaderuierror\/erroruserinfo","title":"var errorUserInfo: [String : Any]","type":"property"},{"title":"Type Properties","type":"groupMarker"},{"path":"\/documentation\/mockreaderui\/mockreaderuierror\/errordomain","title":"static var errorDomain: String","type":"property"}],"path":"\/documentation\/mockreaderui\/mockreaderuierror\/customnserror-implementations","title":"CustomNSError Implementations","type":"symbol"},{"children":[{"title":"Operators","type":"groupMarker"},{"path":"\/documentation\/mockreaderui\/mockreaderuierror\/!=(_:_:)","title":"static func != (Self, Self) -> Bool","type":"op"}],"path":"\/documentation\/mockreaderui\/mockreaderuierror\/equatable-implementations","title":"Equatable Implementations","type":"symbol"},{"children":[{"title":"Instance Properties","type":"groupMarker"},{"path":"\/documentation\/mockreaderui\/mockreaderuierror\/debuglogproperties","title":"var debugLogProperties: [String : Any]","type":"property"},{"path":"\/documentation\/mockreaderui\/mockreaderuierror\/localizeddescription","title":"var localizedDescription: String","type":"property"},{"title":"Instance Methods","type":"groupMarker"},{"path":"\/documentation\/mockreaderui\/mockreaderuierror\/forcenserror(additionaluserinfo:)","title":"func forceNSError(additionalUserInfo: [String : Any]) -> NSError","type":"method"}],"path":"\/documentation\/mockreaderui\/mockreaderuierror\/error-implementations","title":"Error Implementations","type":"symbol"},{"children":[{"title":"Instance Properties","type":"groupMarker"},{"path":"\/documentation\/mockreaderui\/mockreaderuierror\/failurereason","title":"var failureReason: String?","type":"property"},{"path":"\/documentation\/mockreaderui\/mockreaderuierror\/helpanchor","title":"var helpAnchor: String?","type":"property"},{"path":"\/documentation\/mockreaderui\/mockreaderuierror\/recoverysuggestion","title":"var recoverySuggestion: String?","type":"property"}],"path":"\/documentation\/mockreaderui\/mockreaderuierror\/localizederror-implementations","title":"LocalizedError Implementations","type":"symbol"},{"children":[{"title":"Instance Properties","type":"groupMarker"},{"path":"\/documentation\/mockreaderui\/mockreaderuierror\/hashvalue","title":"var hashValue: Int","type":"property"}],"path":"\/documentation\/mockreaderui\/mockreaderuierror\/rawrepresentable-implementations","title":"RawRepresentable Implementations","type":"symbol"},{"children":[{"title":"Instance Properties","type":"groupMarker"},{"path":"\/documentation\/mockreaderui\/mockreaderuierror\/genericusageerror","title":"var genericUsageError: String","type":"property"}],"path":"\/documentation\/mockreaderui\/mockreaderuierror\/squareerror-implementations","title":"SquareError Implementations","type":"symbol"}],"path":"\/documentation\/mockreaderui\/mockreaderuierror","title":"MockReaderUIError","type":"enum"}],"path":"\/documentation\/mockreaderui","title":"MockReaderUI","type":"module"}]},"schemaVersion":{"major":0,"minor":1,"patch":1}}